{"seed": 8, "acc": 0.78125}
{"seed": 13, "acc": 0.84375}
{"seed": 42, "acc": 0.84375}
{"seed": 50, "acc": 0.84375}
{"seed": 60, "acc": 0.90625}
{"seed": 8, "acc": 0.7708333134651184}
{"seed": 13, "acc": 0.7604166865348816}
{"seed": 42, "acc": 0.78125}
{"seed": 50, "acc": 0.8020833134651184}
{"seed": 60, "acc": 0.819444477558136}
