{"seed": 8, "acc": 0.6875}
{"seed": 13, "acc": 0.6875}
{"seed": 42, "acc": 0.6875}
{"seed": 50, "acc": 0.59375}
{"seed": 60, "acc": 0.71875}
{"seed": 8, "acc": 0.5486111044883728}
{"seed": 13, "acc": 0.5451388955116272}
{"seed": 42, "acc": 0.6111111044883728}
{"seed": 50, "acc": 0.6180555820465088}
{"seed": 60, "acc": 0.506944477558136}
