{"seed": 8, "acc": 0.84375}
{"seed": 13, "acc": 0.96875}
{"seed": 42, "acc": 0.9375}
{"seed": 50, "acc": 0.90625}
{"seed": 60, "acc": 0.84375}
{"seed": 8, "acc": 0.8645833134651184}
{"seed": 13, "acc": 0.8576388955116272}
{"seed": 42, "acc": 0.8784722089767456}
{"seed": 50, "acc": 0.850694477558136}
{"seed": 60, "acc": 0.8611111044883728}
